{
  "bg": 112, 
  "temp": "absolute", 
  "snoozeBG": 104, 
  "recieved": true, 
  "predBGs": {
    "IOB": [
      112, 
      112, 
      112, 
      112, 
      111, 
      111, 
      110, 
      110, 
      109, 
      108, 
      107, 
      106, 
      105, 
      104, 
      103, 
      102, 
      101, 
      100, 
      99, 
      97, 
      96, 
      95, 
      95, 
      94, 
      93, 
      92, 
      92, 
      91, 
      91, 
      90, 
      90, 
      90, 
      89, 
      89, 
      89, 
      89, 
      88
    ]
  }, 
  "rate": 0.65, 
  "reason": "COB: 0, Dev: 5, BGI: -0.78, ISF: 57.7, Target: 94; Eventual BG 104>=98, 24m@0.690 = 0.276 > req 0.17331022530329288+0.1U", 
  "COB": 0, 
  "eventualBG": 104, 
  "timestamp": "2016-06-14T04:17:25.108775", 
  "duration": 30, 
  "tick": "+0", 
  "IOB": 0.224
}