{
  "bg": 111, 
  "temp": "absolute", 
  "snoozeBG": 105, 
  "recieved": true, 
  "predBGs": {
    "IOB": [
      111, 
      112, 
      113, 
      113, 
      113, 
      114, 
      114, 
      113, 
      113, 
      112, 
      111, 
      110, 
      109, 
      108, 
      107, 
      105, 
      104, 
      103, 
      101, 
      100, 
      99, 
      98, 
      97, 
      96, 
      95, 
      94, 
      93, 
      93, 
      92, 
      91, 
      91, 
      91, 
      90, 
      90, 
      90, 
      89
    ]
  }, 
  "rate": 0.65, 
  "reason": "COB: 0, Dev: 9, BGI: -0.48, ISF: 60, Target: 95; Eventual BG 105>=100, 28m@0.625 = 0.292 > req 0.16666666666666666+0.1U", 
  "COB": 0, 
  "eventualBG": 105, 
  "timestamp": "2016-06-14T03:25:23.236865", 
  "duration": 30, 
  "tick": "+1", 
  "IOB": 0.245
}